<?xml version="1.0" encoding="UTF-8" standalone="yes"?>
<manifest>
  <control namespace="codidharma.canvas.pcf.components" constructor="JsonTableExport" version="0.0.1" display-name-key="JsonTableExport" description-key="JsonTableExport description" control-type="standard" api-version="1.3.4">
    <external-service-usage enabled="false"/>
    <property name="Data" display-name-key="Data" of-type="Multiple" usage="input" required="true"/>
    <resources>
      <code path="bundle.js" order="1"/>
      <resx path="strings/JsonTableExport.1033.resx" version="1.0.0"/>
    </resources>
    <built-by name="pac" version="1.20.3"/>
  </control>
</manifest>